Course,Prerequesites
AOSC123,[]
AOSC200,"['MATH107', 'MATH110', 'MATH115']"
AOSC201,[]
AOSC247,['MATH140']
AOSC360,"['MATH107', 'MATH113', 'MATH115']"
AOSC399,[]
AOSC401,"['AOSC400', 'AOSC200', 'MATH141', 'PHYS161', 'PHYS171']"
AOSC424,"['PHYS171', 'PHYS161', 'MATH141']"
AOSC432,['AOSC431']
AOSC433,"['CHEM131', 'CHEM135', 'CHEM146', 'MATH241']"
AOSC447,['MATH140']
AOSC472,"['AOSC432', 'AOSC600', 'AOSC610', 'AOSC470']"
AOSC494,"['AOSC431', 'AOSC432']"
AOSC499,[]
AOSC602,[]
AOSC611,[]
AOSC615,[]
AOSC617,['AOSC610']
AOSC621,['MATH462']
AOSC625,[]
AOSC633,"['CHEM131', 'CHEM135', 'CHEM146']"
AOSC647,['MATH140']
AOSC650,[]
AOSC658Z,[]
AOSC798,[]
AOSC898,[]
AOSC899,[]
ANSC101,[]
ANSC103,['ANSC101']
ANSC105,[]
ANSC115,"['ANSC101', 'ANSC103']"
ANSC210,"['ANSC204', 'ANSC205', 'ANSC201']"
ANSC212,"['ANSC211', 'ANSC204', 'ANSC205']"
ANSC214,['ANSC212']
ANSC227,[]
ANSC237,['ANSC232']
ANSC245,"['ANSC101', 'ANSC103']"
ANSC247,"['ANSC101', 'ANSC103']"
ANSC250,[]
ANSC282,"['ANSC101', 'ANSC103']"
ANSC315,['ANSC314']
ANSC327,"['ANSC101', 'CHEM131', 'ANSC103', 'BSCI105', 'BSCI170', 'BSCI171']"
ANSC330,['ANSC232']
ANSC340,"['BSCI223', 'ANSC220', 'ANSC232', 'ANSC242', 'ANSC250', 'ANSC255', 'ANSC260', 'ANSC262']"
ANSC359,[]
ANSC379,[]
ANSC388,[]
ANSC389,[]
ANSC399,[]
ANSC435,"['ANSC212', 'ANSC201']"
ANSC440,"['BSCI223', 'ANSC212', 'ANSC327', 'BSCI222', 'BSCI421', 'NFSC430']"
ANSC445,['ANSC212']
ANSC452,['ANSC212']
ANSC453,"['ANSC101', 'ANSC103', 'BSCI106', 'BSCI160', 'BSCI161']"
ANSC624,[]
ANSC627,[]
ANSC630,[]
ANSC660,[]
ANSC688J,[]
ANSC688W,[]
ANSC699,[]
ANSC799,[]
ANSC898,[]
ANSC899,[]
ASTR100,[]
ASTR101,[]
ASTR121,"['ASTR120', 'MATH140']"
ASTR220,[]
ASTR230,"['MATH115', 'MATH113']"
ASTR288,[]
ASTR288B,[]
ASTR288I,[]
ASTR288T,[]
ASTR300,"['ASTR100', 'ASTR101']"
ASTR315,[]
ASTR320,"['ASTR121', 'PHYS270', 'PHYS271', 'PHYS273']"
ASTR330,"['ASTR100', 'ASTR101']"
ASTR340,"['ASTR100', 'ASTR101']"
ASTR380,[]
ASTR399,[]
ASTR406,['ASTR320']
ASTR435,"['ASTR121', 'PHYS273', 'PHYS270', 'PHYS271']"
ASTR498,[]
ASTR615,[]
ASTR670,[]
ASTR688C,[]
ASTR699,[]
ASTR799,[]
ASTR898,[]
ASTR899,[]
BCHM461,"['CHEM271', 'CHEM272', 'CHEM276', 'CHEM277']"
BCHM462,['BCHM461']
BCHM463,"['CHEM271', 'CHEM272', 'CHEM276', 'CHEM277']"
BCHM464,"['BCHM461', 'BCHM463']"
BCHM465,"['BCHM461', 'BCHM463']"
BCHM477,"['CHEM271', 'CHEM276', 'CHEM277', 'CHEM272']"
BCHM485,['CHEM481']
BCHM669C,[]
BCHM669D,[]
BCHM675,"['CHEM481', 'BCHM461']"
BCHM676,"['BCHM461', 'BCHM463']"
BCHM698,[]
BCHM699,[]
BCHM799,[]
BCHM889A,[]
BCHM889B,[]
BCHM889D,[]
BCHM889E,[]
BCHM889M,[]
BCHM898,[]
BCHM899,[]
BIOE120,['MATH140']
BIOE121,['BIOE120']
BIOE221,"['BIOE120', 'BIOE121']"
BIOE232,"['PHYS261', 'PHYS260']"
BIOE241,[]
BIOE331,"['MATH246', 'BIOE120', 'BIOE121', 'BIOE241', 'BIOE371', 'BIOE232']"
BIOE340,"['BSCI330', 'BIOE331']"
BIOE371,"['BIOE241', 'MATH246']"
BIOE372,"['BIOE120', 'BIOE121', 'BIOE241']"
BIOE386,"['BIOE120', 'BIOE121', 'BIOE241', 'MATH246']"
BIOE389C,[]
BIOE389F,[]
BIOE389M,[]
BIOE399,[]
BIOE399H,[]
BIOE404,"['MATH246', 'BIOE120', 'ENES102', 'BIOE121', 'BIOE241', 'BIOE371']"
BIOE413,"['BIOE241', 'BIOE120', 'BIOE121', 'MATH246', 'BIOE340']"
BIOE414,"['BIOE120', 'BIOE121', 'BIOE241', 'MATH246', 'ENES102']"
BIOE437,"['BIOE120', 'BIOE121', 'BIOE241', 'MATH246']"
BIOE442,"['BIOE241', 'BIOE120', 'BIOE121', 'MATH241']"
BIOE447,['BIOE221']
BIOE453,"['CHEM231', 'MATH246', 'CHEM232', 'BIOE120', 'BIOE121', 'BIOE241']"
BIOE461,"['BIOE120', 'BIOE121', 'BIOE241', 'MATH246']"
BIOE462,"['BIOE120', 'BIOE121', 'BIOE241', 'MATH246', 'BSCI330', 'BIOE340']"
BIOE464,"['BIOE232', 'BIOE372', 'BIOE442', 'BIOE371', 'BIOE246']"
BIOE486,['BIOE485']
BIOE488A,[]
BIOE489B,[]
BIOE489F,[]
BIOE489H,[]
BIOE489J,[]
BIOE489Q,[]
BIOE489R,[]
BIOE606,[]
BIOE608,[]
BIOE654,[]
BIOE658B,[]
BIOE658E,[]
BIOE689,[]
BIOE689A,[]
BIOE689C,[]
BIOE689N,[]
BIOE689W,[]
BIOE689X,[]
BIOE799,[]
BIOE898,[]
BIOE899,[]
BIOL609,[]
BIOL705,[]
BIOL706,[]
BIOL708C,[]
BIOL708D,[]
BIOL708R,[]
BIOL709V,[]
BIOL799,[]
BIOL898,[]
BIOL899,[]
BIPH697,[]
BIPH698L,[]
BIPH699,[]
BIPH703,"['PHYS603', 'CHEM687']"
BIPH706,[]
BIPH799,[]
BIPH898,[]
BIPH899,[]
CBMG613,[]
CBMG688B,[]
CBMG688G,[]
CBMG688I,[]
CBMG688U,[]
CBMG699,[]
CBMG699C,[]
CBMG699D,[]
CBMG699W,[]
CBMG699X,[]
CBMG799,[]
CBMG898,[]
CBMG899,[]
CHBE101,['CHEM135']
CHBE302,['CHBE301']
CHBE333,[]
CHBE369,[]
CHBE422,"['CHBE101', 'CHBE250', 'MATH241', 'MATH246']"
CHBE424,['CHBE422']
CHBE426,[]
CHBE440,"['CHBE301', 'MATH241', 'MATH246']"
CHBE446,"['CHBE442', 'CHBE444']"
CHBE451,[]
CHBE457,"['MATH246', 'CHEM231', 'CHBE301', 'ENMA461', 'BIOE232']"
CHBE468,[]
CHBE469,[]
CHBE473,[]
CHBE480,['BIOE120']
CHBE486,"['CHBE302', 'CHBE424', 'CHBE440']"
CHBE497,"['BIOE120', 'CHBE302', 'CHBE440']"
CHBE608,[]
CHBE609,[]
CHBE630,"['CHBE422', 'ENCH424']"
CHBE640,['CHBE440']
CHBE648,[]
CHBE651,[]
CHBE673,[]
CHBE680,[]
CHBE686,"['CHBE302', 'CHBE424', 'CHBE440']"
CHBE697,[]
CHBE799,[]
CHBE898,[]
CHBE899,[]
CHEM131,['MATH120']
CHEM132,['MATH120']
CHEM134,"['CHEM131', 'CHEM146']"
CHEM135,['MATH120']
CHEM136,"['CHEM135', 'MATH120']"
CHEM231,"['CHEM131', 'CHEM135', 'CHEM146', 'CHEM132', 'CHEM136', 'CHEM147', 'CHEM177']"
CHEM232,"['CHEM131', 'CHEM132', 'CHEM135', 'CHEM136', 'CHEM146', 'CHEM147']"
CHEM232S,"['CHEM131', 'CHEM132', 'CHEM135', 'CHEM136', 'CHEM146', 'CHEM147']"
CHEM237,"['CHEM131', 'CHEM135', 'CHEM146', 'CHEM132', 'CHEM136', 'CHEM147']"
CHEM241,"['CHEM231', 'CHEM232', 'CHEM237']"
CHEM242,"['CHEM231', 'CHEM232', 'CHEM237']"
CHEM271,"['CHEM241', 'CHEM242', 'CHEM247']"
CHEM272,"['CHEM241', 'CHEM242', 'CHEM247']"
CHEM276,"['CHEM241', 'CHEM242', 'CHEM247']"
CHEM277,"['CHEM241', 'CHEM242', 'CHEM247']"
CHEM298Q,[]
CHEM316,"['CHEM241', 'CHEM242', 'CHEM247', 'CHEM271', 'CHEM276', 'CHEM272', 'CHEM277']"
CHEM395,[]
CHEM398,[]
CHEM399A,[]
CHEM399B,[]
CHEM399C,[]
CHEM399X,[]
CHEM401,"['CHEM276', 'CHEM271', 'CHEM247', 'CHEM241']"
CHEM425,"['CHEM272', 'CHEM271', 'CHEM276', 'CHEM277']"
CHEM433,"['CHEM131', 'CHEM135', 'CHEM146', 'MATH241']"
CHEM480,"['CHEM276', 'CHEM271', 'CHEM277', 'CHEM272', 'MATH140', 'MATH136', 'PHYS260', 'PHYS261', 'PHYS132']"
CHEM481,"['CHEM135', 'CHEM271', 'CHEM272', 'CHEM276', 'CHEM277', 'MATH141', 'PHYS260', 'PHYS261', 'PHYS141']"
CHEM482,"['CHEM135', 'CHEM271', 'CHEM272', 'CHEM276', 'CHEM277', 'MATH141', 'PHYS260', 'PHYS261', 'PHYS141']"
CHEM483,['CHEM481']
CHEM484,['CHEM482']
CHEM498E,[]
CHEM608M,[]
CHEM625,['CHEM482']
CHEM633,"['CHEM131', 'CHEM135', 'CHEM146']"
CHEM647,[]
CHEM648P,[]
CHEM687,['CHEM684']
CHEM699,[]
CHEM703,"['PHYS603', 'CHEM687']"
CHEM705,[]
CHEM799,[]
CHEM889A,[]
CHEM889C,[]
CHEM889D,[]
CHEM889E,[]
CHEM889F,[]
CHEM889G,[]
CHEM889M,[]
CHEM898,[]
CHEM899,[]
CMSC115,[]
CMSC116,[]
CMSC122,[]
CMSC125,['MATH115']
CMSC131,[]
CMSC132,"['CMSC131', 'MATH140']"
CMSC216,"['CMSC132', 'MATH141']"
CMSC250,"['CMSC131', 'MATH141']"
CMSC298A,[]
CMSC298Q,[]
CMSC320,"['CMSC216', 'CMSC250']"
CMSC330,"['CMSC250', 'CMSC216']"
CMSC335,"['CMSC216', 'CMSC250']"
CMSC351,"['CMSC250', 'CMSC216']"
CMSC388J,[]
CMSC389E,[]
CMSC389O,[]
CMSC389P,[]
CMSC396H,[]
CMSC398L,[]
CMSC398M,[]
CMSC398N,[]
CMSC398R,[]
CMSC398W,[]
CMSC401,"['GEOG276', 'CMSC330', 'CMSC351']"
CMSC411,['CMSC330']
CMSC412,"['CMSC330', 'CMSC351', 'CMSC414', 'CMSC417', 'CMSC420', 'CMSC430', 'CMSC433', 'CMSC435', 'ENEE440', 'ENEE457']"
CMSC414,"['CMSC330', 'CMSC351']"
CMSC417,"['CMSC351', 'CMSC330']"
CMSC420,"['CMSC351', 'CMSC330']"
CMSC421,"['CMSC351', 'CMSC330']"
CMSC422,"['CMSC320', 'CMSC330', 'CMSC351', 'MATH240', 'MATH341', 'MATH461']"
CMSC423,"['CMSC351', 'CMSC330']"
CMSC424,"['CMSC351', 'CMSC330']"
CMSC425,"['CMSC330', 'CMSC351']"
CMSC426,"['CMSC330', 'CMSC351', 'MATH240', 'MATH341', 'MATH461']"
CMSC427,"['CMSC330', 'CMSC351', 'MATH240', 'MATH341', 'MATH461']"
CMSC430,"['CMSC330', 'CMSC351']"
CMSC433,['CMSC330']
CMSC434,"['CMSC330', 'CMSC351']"
CMSC435,"['CMSC412', 'CMSC417', 'CMSC420', 'CMSC430', 'CMSC433', 'ENEE447']"
CMSC436,"['CMSC330', 'CMSC351']"
CMSC451,['CMSC351']
CMSC452,['CMSC351']
CMSC454,"['CMSC330', 'CMSC351']"
CMSC456,"['CMSC106', 'CMSC131', 'ENEE150', 'CMSC330', 'CMSC351', 'ENEE324', 'ENEE380']"
CMSC457,"['MATH240', 'MATH341', 'MATH461', 'PHYS274', 'CMSC351', 'PHYS373']"
CMSC460,"['MATH240', 'MATH341', 'MATH461', 'MATH241', 'MATH340', 'CMSC106', 'CMSC131', 'MATH246']"
CMSC466,"['MATH240', 'MATH341', 'MATH461', 'MATH241', 'MATH340', 'CMSC106', 'CMSC131', 'MATH410']"
CMSC470,"['CMSC320', 'CMSC330', 'CMSC351', 'MATH240', 'MATH341', 'MATH461']"
CMSC471,"['CMSC330', 'CMSC351']"
CMSC475,"['MATH240', 'MATH341', 'MATH461', 'MATH241', 'MATH340']"
CMSC477,"['MATH240', 'MATH341', 'MATH461', 'ENEE467', 'CMSC420']"
CMSC498A,[]
CMSC498C,[]
CMSC498D,[]
CMSC498G,[]
CMSC498Y,[]
CMSC499A,[]
CMSC624,['CMSC424']
CMSC656,"['CMSC451', 'CMSC452', 'CMSC456']"
CMSC661,"['MATH246', 'MATH462']"
CMSC701,[]
CMSC711,['CMSC412']
CMSC714,"['CMSC411', 'CMSC412']"
CMSC725,"['CMSC424', 'CMSC420']"
CMSC734,['CMSC434']
CMSC752,[]
CMSC764,['MATH410']
CMSC798,[]
CMSC799,[]
CMSC800,[]
CMSC818G,[]
CMSC818Q,[]
CMSC828C,[]
CMSC828F,[]
CMSC828G,[]
CMSC838E,[]
CMSC838M,[]
CMSC848G,[]
CMSC848M,[]
CMSC848O,[]
CMSC858P,[]
CMSC858Q,[]
CMSC898,[]
CMSC899,[]
ENCE100,[]
ENCE200,"['ENES100', 'MATH141', 'ENES102']"
ENCE201,"['ENES220', 'MATH241']"
ENCE215,['CHEM135']
ENCE300,['ENES220']
ENCE302,"['MATH246', 'ENCE201']"
ENCE305,"['ENES220', 'PHYS260', 'PHYS261']"
ENCE310,"['PHYS260', 'ENCE215']"
ENCE320,[]
ENCE325,[]
ENCE340,['ENES220']
ENCE353,"['MATH246', 'ENES220']"
ENCE360,"['ENCE201', 'MATH140']"
ENCE370,"['ENCE201', 'PHYS260', 'PHYS261']"
ENCE402,['ENCE302']
ENCE411,"['ENCE205', 'ENCE310']"
ENCE412,"['ENCE305', 'ENCE310']"
ENCE421,[]
ENCE422,[]
ENCE423,[]
ENCE424,[]
ENCE426,[]
ENCE431,['ENCE305']
ENCE444,"['ENCE353', 'ENCE340']"
ENCE455,['ENCE353']
ENCE467,"['ENCE465', 'ENCE302', 'ENCE305']"
ENCE472,"['ENCE302', 'ENCE370']"
ENCE489,[]
ENCE489J,[]
ENCE489T,[]
ENCE604,[]
ENCE607,[]
ENCE614,[]
ENCE623,"['ENCE423', 'ENCE662']"
ENCE627,[]
ENCE647,['ENCE340']
ENCE661,[]
ENCE662,[]
ENCE673,[]
ENCE674,[]
ENCE677,[]
ENCE688E,[]
ENCE688F,[]
ENCE688M,[]
ENCE688O,[]
ENCE688W,[]
ENCE688Y,[]
ENCE689,[]
ENCE689T,[]
ENCE713,[]
ENCE741,[]
ENCE799,[]
ENCE898,[]
ENCE899,[]
ENAE200,[]
ENAE202,[]
ENAE311,"['PHYS271', 'MATH240', 'MATH461', 'PHYS270', 'MATH246', 'ENAE283', 'ENES220', 'ENAE202', 'MATH241', 'ENES232']"
ENAE311H,"['PHYS271', 'MATH240', 'MATH461', 'PHYS270', 'MATH246', 'ENAE283', 'ENES220', 'ENAE202', 'MATH241', 'ENES232']"
ENAE324,['ENES220']
ENAE398H,[]
ENAE404,['ENAE301']
ENAE420,"['ENES220', 'MATH241']"
ENAE425,"['MATH246', 'ENAE324', 'ENES220', 'MATH241']"
ENAE432,"['ENAE301', 'ENAE283']"
ENAE450,"['ENME480', 'ENAE380']"
ENAE464,"['ENAE324', 'ENAE362', 'ENAE311', 'ENAE432']"
ENAE467,['ENAE457']
ENAE471,['ENAE414']
ENAE482,"['ENAE455', 'ENAE423', 'ENAE403', 'ENAE481']"
ENAE484,"['ENAE423', 'ENAE483', 'ENAE441', 'ENAE457']"
ENAE488B,[]
ENAE488C,[]
ENAE488D,[]
ENAE488G,[]
ENAE488O,[]
ENAE488P,[]
ENAE488T,[]
ENAE499,[]
ENAE633,['ENAE631']
ENAE634,['ENAE631']
ENAE635,['ENAE631']
ENAE646,['ENAE301']
ENAE652,[]
ENAE654,[]
ENAE656,['ENAE655']
ENAE665,['ENAE455']
ENAE667,['ENAE457']
ENAE674,[]
ENAE676,['ENAE673']
ENAE682,[]
ENAE685,['ENAE684']
ENAE697,[]
ENAE741,"['ENAE601', 'ENAE432']"
ENAE788G,[]
ENAE788M,[]
ENAE788O,[]
ENAE788T,[]
ENAE788V,[]
ENAE788Z,[]
ENAE799,[]
ENAE898,[]
ENAE899,[]
ENEE101,[]
ENEE140,[]
ENEE150,"['ENEE140', 'CMSC131']"
ENEE200,[]
ENEE205,"['PHYS260', 'PHYS261']"
ENEE222,"['ENEE140', 'CMSC131']"
ENEE244,"['CMSC132', 'ENEE150']"
ENEE245,"['ENEE244', 'ENEE150', 'CMSC132']"
ENEE290,['MATH141']
ENEE304,['ENEE205']
ENEE305,['ENEE304']
ENEE313,['ENEE205']
ENEE322,"['MATH246', 'ENEE290', 'ENEE222']"
ENEE323,"['MATH246', 'ENEE290', 'ENEE222']"
ENEE324,"['MATH246', 'ENEE222']"
ENEE324H,"['MATH246', 'ENEE222']"
ENEE350,"['ENEE244', 'ENEE150', 'CMSC132']"
ENEE351,"['ENEE150', 'ENEE244']"
ENEE382,"['ENEE205', 'MATH241', 'PHYS270', 'PHYS271']"
ENEE396,[]
ENEE408A,[]
ENEE408D,[]
ENEE408I,[]
ENEE408J,[]
ENEE408M,[]
ENEE408N,[]
ENEE408W,[]
ENEE413,"['ENEE313', 'ENEE304']"
ENEE419M,[]
ENEE425,"['ENEE322', 'ENEE323']"
ENEE426,"['ENEE324', 'STAT400']"
ENEE428,[]
ENEE436,"['ENEE324', 'STAT400', 'ENEE150', 'CMSC216']"
ENEE439G,[]
ENEE440,['ENEE350']
ENEE445,"['ENEE205', 'ENEE350']"
ENEE446,['ENEE350']
ENEE447,"['CMSC414', 'CMSC417', 'CMSC420', 'CMSC430', 'CMSC433', 'CMSC435', 'ENEE440', 'ENEE457', 'ENEE350', 'CMSC330', 'CMSC351']"
ENEE456,"['CMSC106', 'CMSC131', 'ENEE150', 'CMSC330', 'CMSC351', 'ENEE324', 'ENEE380']"
ENEE459C,[]
ENEE459V,[]
ENEE460,"['ENEE322', 'ENEE290', 'MATH240', 'MATH461']"
ENEE461,"['ENEE205', 'ENEE322', 'ENEE323']"
ENEE469O,[]
ENEE473,['ENEE205']
ENEE475,"['ENEE303', 'ENEE304']"
ENEE488,[]
ENEE491,"['PHYS270', 'ENEE205', 'ENEE290', 'MATH461']"
ENEE499,[]
ENEE499H,[]
ENEE601,[]
ENEE612,"['ENEE303', 'ENEE475', 'ENEE476']"
ENEE621,['ENEE620']
ENEE627,['ENEE620']
ENEE633,['MATH461']
ENEE640,"['ENEE303', 'ENEE350']"
ENEE645,"['ENEE350', 'CMSC216']"
ENEE661,"['ENEE660', 'MATH410', 'MATH411']"
ENEE664,"['ENEE660', 'MATH410']"
ENEE681,['ENEE381']
ENEE692,"['ENEE380', 'ENEE381']"
ENEE698P,[]
ENEE698Q,[]
ENEE699,[]
ENEE729F,[]
ENEE729Z,[]
ENEE739G,[]
ENEE769D,[]
ENEE790,[]
ENEE799,[]
ENEE898,[]
ENEE899,[]
ENFP101,[]
ENFP201,['MATH141']
ENFP310,['ENFP300']
ENFP312,"['ENES232', 'ENFP300']"
ENFP350,[]
ENFP411,[]
ENFP413,['ENFP250']
ENFP420,['ENFP312']
ENFP426,[]
ENFP429,[]
ENFP461,[]
ENFP465,[]
ENFP489,[]
ENFP613,[]
ENFP619,[]
ENFP620,[]
ENFP629,[]
ENFP649,[]
ENFP655,[]
ENFP663,[]
ENFP665,[]
ENFP799,[]
ENMA165,[]
ENMA201,[]
ENMA300,['ENES100']
ENMA301,"['ENMA180', 'ENMA300']"
ENMA417,[]
ENMA421,[]
ENMA460,"['PHYS271', 'PHYS270', 'MATH241']"
ENMA461,['ENMA300']
ENMA465,['ENMA300']
ENMA470,[]
ENMA475,"['MATH246', 'PHYS270', 'PHYS271']"
ENMA481,['ENMA300']
ENMA486,[]
ENMA489E,[]
ENMA489M,[]
ENMA490,['ENMA487']
ENMA499,[]
ENMA620,['ENMA471']
ENMA621,[]
ENMA661,['ENMA660']
ENMA671,[]
ENMA681,[]
ENMA685,[]
ENMA688,[]
ENMA698,[]
ENMA797,[]
ENMA799,[]
ENMA898,[]
ENMA899,[]
ENME201,[]
ENME202,[]
ENME208,[]
ENME272,['MATH141']
ENME299Z,[]
ENME331,"['ENES232', 'ENES221']"
ENME332,['ENME331']
ENME350,"['PHYS271', 'PHYS270']"
ENME351,"['PHYS271', 'ENME350', 'PHYS270']"
ENME361,"['ENES220', 'ENES221', 'MATH246', 'MATH206', 'ENME202']"
ENME371,"['ENES221', 'ENME392', 'STAT400']"
ENME382,['ENES100']
ENME392,['MATH241']
ENME400,['ENME361']
ENME401,[]
ENME408,[]
ENME413,['ENME351']
ENME416,"['ENME331', 'ENME272', 'ENME414']"
ENME420,['ENES232']
ENME427,"['ENES220', 'ENME382']"
ENME431,['MATH246']
ENME433,[]
ENME435,['ENME351']
ENME436,['ENME331']
ENME437,"['ENME202', 'ENME392']"
ENME440,['ENME392']
ENME461,"['ENME351', 'ENME361']"
ENME462,['ENME361']
ENME464,['ENME392']
ENME472,"['ENME331', 'ENME361', 'ENME351', 'ENME371', 'ENME332']"
ENME488,[]
ENME489,[]
ENME489A,[]
ENME489D,[]
ENME489E,[]
ENME489P,[]
ENME489Q,[]
ENME489W,[]
ENME632,[]
ENME635,[]
ENME665,['ENME662']
ENME684,['ENME670']
ENME691,['ENME202']
ENME695,[]
ENME697,"['ENME202', 'ENME392']"
ENME725,[]
ENME743,['ENME392']
ENME744,"['ENME272', 'ENME331', 'ENME416']"
ENME799,[]
ENME808,[]
ENME808C,[]
ENME808D,[]
ENME808J,[]
ENME808M,[]
ENME808P,[]
ENME808R,[]
ENME808V,[]
ENME898,[]
ENME899,[]
ENSP102,[]
ENSP330,[]
ENSP342,[]
ENSP370,[]
ENSP386,[]
ENSP399,[]
ENSP399R,[]
ENSP400,"['ENSP101', 'ENSP102']"
ENSP499,[]
ENST200,[]
ENST214,"['BSCI160', 'BSCI161']"
ENST233,[]
ENST309,[]
ENST334,"['CHEM131', 'CHEM132', 'BSCI207']"
ENST388,[]
ENST389,[]
ENST405,"['MATH140', 'MATH120', 'MATH220']"
ENST421,['ENST200']
ENST422,['ENST200']
ENST423,['ENST200']
ENST430,['ENST200']
ENST436,['ENST233']
ENST452,"['BSCI160', 'BSCI161', 'BSCI106', 'BSCI362', 'ENST450', 'ENST360', 'BSCI361']"
ENST453,"['MATH120', 'ENST200', 'GEOG306', 'BIOM301']"
ENST462,"['ENST460', 'BSCI160', 'BSCI161', 'BSCI106', 'BSCI170', 'BSCI171', 'BSCI105']"
ENST470,[]
ENST472,[]
ENST481,"['MATH120', 'MATH140', 'MATH220', 'PHYS121', 'CHEM131', 'BSCI361']"
ENST486,['ENST389']
ENST487,[]
ENST489,[]
ENST499,[]
ENST499T,[]
ENST499V,[]
ENST499Y,[]
ENST622,['ENST200']
ENST630,['ENST200']
ENST681,"['CHEM131', 'PHYS121']"
ENST689,[]
ENST689Q,[]
ENST689T,[]
ENST689Y,[]
ENST689Z,[]
ENST702,['ENST602']
ENST798,[]
ENST799,[]
ENST898,[]
ENST899,[]
ENTM699S,[]
ENTM725,[]
ENTM769,[]
ENTM788C,[]
ENTM798C,[]
ENTM798F,[]
ENTM799,[]
ENTM898,[]
ENTM899,[]
GEOG140,[]
GEOG156,[]
GEOG172,[]
GEOG201,[]
GEOG211,"['GEOL120', 'GEOL100', 'GEOG201']"
GEOG212,[]
GEOG301,"['GEOG201', 'GEOG211']"
GEOG306,[]
GEOG331,"['ANTH220', 'ANTH260', 'GEOG202', 'GEOG201']"
GEOG333,"['GEOG201', 'GEOG202']"
GEOG373,[]
GEOG384,"['GEOG211', 'GEOG306', 'GEOG212', 'GEOG201', 'ENGL393', 'ENGL390']"
GEOG385,"['GEOG211', 'GEOG306', 'GEOG212', 'GEOG201']"
GEOG398,[]
GEOG398E,[]
GEOG416,[]
GEOG422,"['GEOG201', 'GEOG202', 'GEOG335', 'GEOG333']"
GEOG441,['GEOG140']
GEOG470,"['GEOG276', 'CMSC330', 'CMSC351']"
GEOG472,"['GEOG272', 'GEOG306']"
GEOG473,"['GEOG306', 'GEOG373']"
GEOG498,[]
GEOG606,['GEOG305']
GEOG608,[]
GEOG646,[]
GEOG653,['GEOG579']
GEOG661,[]
GEOG663,[]
GEOG670,[]
GEOG677,[]
GEOG683,[]
GEOG732,[]
GEOG770,['GEOG276']
GEOG788,[]
GEOG788A,[]
GEOG788T,[]
GEOG789,[]
GEOG790,[]
GEOG797,[]
GEOG798,[]
GEOG799,[]
GEOG898,[]
GEOG899,[]
GEOL100,[]
GEOL102,"['GEOL120', 'GEOL100', 'GEOL110']"
GEOL110,"['GEOL120', 'GEOL100']"
GEOL120,[]
GEOL123,[]
GEOL204,[]
GEOL322,"['GEOL120', 'GEOL100', 'GEOL110', 'CHEM131', 'CHEM132', 'CHEM135', 'CHEM136', 'CHEM103']"
GEOL340,"['GEOL120', 'GEOL100']"
GEOL393,"['PHYS141', 'PHYS161', 'PHYS174', 'MATH141', 'CHEM131', 'CHEM132', 'CHEM135', 'CHEM136']"
GEOL394,['GEOL393']
GEOL431,"['BSCI207', 'BSCI392', 'GEOL104', 'GEOL204', 'GEOL331']"
GEOL435,"['MATH115', 'GEOL100', 'GEOL120', 'GEOL436', 'GEOL444', 'CHEM131', 'CHEM132', 'CHEM135', 'CHEM136']"
GEOL443,"['GEOL322', 'CHEM131', 'CHEM132', 'CHEM135', 'CHEM136', 'CHEM103', 'GEOL423', 'GEOL100', 'GEOL120', 'GEOL110']"
GEOL447,"['MATH140', 'MATH141', 'PHYS141', 'PHYS161', 'PHYS171']"
GEOL457,"['GEOL120', 'GEOL100', 'MATH141', 'GEOL110', 'MATH140']"
GEOL488,[]
GEOL497,[]
GEOL497H,[]
GEOL499,[]
GEOL635,"['MATH115', 'GEOL100', 'GEOL120', 'GEOL436', 'GEOL444', 'CHEM131', 'CHEM132', 'CHEM135', 'CHEM136']"
GEOL647,"['MATH140', 'MATH141', 'PHYS141', 'PHYS161', 'PHYS171']"
GEOL657,"['MATH140', 'MATH141', 'PHYS141', 'PHYS161', 'PHYS171']"
GEOL680,"['MATH241', 'MATH462', 'GEOL446']"
GEOL683,[]
GEOL688,[]
GEOL789J,[]
GEOL789R,[]
GEOL798,[]
GEOL799,[]
GEOL898,[]
GEOL899,[]
MATH003,[]
MATH007,[]
MATH013,[]
MATH015,[]
MATH107,"['MATH107', 'MATH003']"
MATH113,['MATH113']
MATH115,"['MATH115', 'MATH003', 'MATH113']"
MATH120,"['MATH113', 'MATH115', 'MATH120']"
MATH121,"['MATH120', 'MATH130', 'MATH136', 'MATH140']"
MATH135,"['MATH113', 'MATH115', 'MATH120']"
MATH136,['MATH135']
MATH140,['MATH115']
MATH141,['MATH140']
MATH141H,['MATH140']
MATH206,"['MATH136', 'MATH140']"
MATH212,[]
MATH213,['MATH212']
MATH214,['MATH212']
MATH240,"['MATH131', 'MATH141']"
MATH241,['MATH141']
MATH241H,['MATH141']
MATH243,['MATH141']
MATH246,['MATH141']
MATH246H,['MATH141']
MATH299G,[]
MATH299N,[]
MATH299R,[]
MATH310,"['MATH141', 'MATH240', 'MATH341', 'MATH461', 'MATH241', 'MATH340']"
MATH314,['MATH214']
MATH341,['MATH340']
MATH386,[]
MATH401,"['MATH461', 'MATH240', 'MATH341']"
MATH402,"['MATH240', 'MATH341', 'MATH461']"
MATH403,"['MATH240', 'MATH461', 'MATH340', 'MATH341', 'MATH241', 'MATH310']"
MATH404,['MATH403']
MATH405,"['MATH240', 'MATH461', 'MATH341', 'MATH310']"
MATH406,"['MATH240', 'MATH241', 'MATH246', 'MATH340', 'MATH341', 'MATH461']"
MATH410,"['MATH240', 'MATH461', 'MATH341', 'MATH340', 'MATH241', 'MATH310']"
MATH411,['MATH410']
MATH416,"['MATH141', 'MATH240', 'MATH461', 'MATH341']"
MATH420,"['MATH240', 'MATH461', 'MATH341', 'MATH241', 'MATH340', 'MATH246', 'MATH341', 'STAT400', 'STAT410', 'CMSC106', 'CMSC131']"
MATH423,"['MATH240', 'MATH401', 'MATH461', 'MATH341']"
MATH424,"['MATH141', 'STAT400', 'STAT410']"
MATH430,"['MATH240', 'MATH341', 'MATH461']"
MATH437,"['MATH241', 'MATH340', 'MATH240', 'MATH341', 'MATH461']"
MATH446,"['MATH403', 'MATH410']"
MATH452,"['MATH341', 'MATH246', 'MATH240', 'MATH461']"
MATH456,"['CMSC106', 'CMSC131', 'ENEE150', 'CMSC330', 'CMSC351', 'ENEE324', 'ENEE380']"
MATH461,"['MATH141', 'MATH141']"
MATH462,"['MATH241', 'MATH340', 'MATH246', 'MATH341']"
MATH463,"['MATH241', 'MATH340']"
MATH464,"['MATH246', 'MATH341']"
MATH470,"['MATH141', 'MATH140', 'MATH461']"
MATH475,"['MATH240', 'MATH341', 'MATH461', 'MATH241', 'MATH340']"
MATH489,[]
MATH498,[]
MATH498A,[]
MATH601,['MATH600']
MATH607,['MATH606']
MATH621,"['MATH600', 'MATH620']"
MATH631,['MATH630']
MATH660,"['MATH410', 'MATH463']"
MATH674,"['MATH673', 'AMSC673']"
MATH689,[]
MATH713,['MATH712']
MATH734,"['MATH600', 'MATH432', 'MATH730']"
MATH740,"['MATH405', 'MATH411', 'MATH730']"
MATH744,"['MATH405', 'MATH403', 'MATH411', 'MATH432']"
MATH799,[]
MATH808A,[]
MATH818A,[]
MATH818T,[]
MATH838B,[]
MATH838R,[]
MATH848A,[]
MATH848G,[]
MATH848Z,[]
MATH858A,[]
MATH858M,[]
MATH858R,[]
MATH868A,[]
MATH868B,[]
MATH898,[]
MATH899,[]
NEUR200,"['BSCI170', 'BSCI171']"
NEUR305,"['MATH120', 'NEUR200', 'BSCI353']"
NEUR306,"['NEUR200', 'BSCI207', 'BSCI330']"
NEUR329,[]
NEUR379,[]
NEUR379H,[]
NEUR398H,[]
NEUR405,"['NEUR306', 'BSCI353', 'PHYS132']"
NEUR479,[]
NEUR479H,[]
PHYS106,[]
PHYS107,[]
PHYS121,"['MATH113', 'MATH115']"
PHYS122,['PHYS121']
PHYS131,"['CHEM131', 'MATH136', 'MATH140', 'BSCI160', 'BSCI161', 'BSCI106', 'BSCI170', 'BSCI171', 'BSCI105']"
PHYS132,['PHYS131']
PHYS137,[]
PHYS161,['MATH141']
PHYS171,['MATH140']
PHYS171H,['MATH140']
PHYS172,[]
PHYS260,"['PHYS161', 'MATH141']"
PHYS261,['PHYS161']
PHYS265,"['PHYS171', 'PHYS141', 'PHYS161']"
PHYS270,"['PHYS261', 'MATH241', 'PHYS260']"
PHYS271,['PHYS261']
PHYS272,"['PHYS161', 'PHYS171', 'MATH141', 'MATH241']"
PHYS272H,"['PHYS161', 'PHYS171', 'MATH141', 'MATH241']"
PHYS273,"['MATH241', 'PHYS272', 'PHYS274', 'MATH243', 'MATH246']"
PHYS273H,"['MATH241', 'PHYS272', 'PHYS274', 'MATH243', 'MATH246']"
PHYS275,"['PHYS171', 'PHYS161']"
PHYS276,"['PHYS272', 'PHYS275']"
PHYS282,[]
PHYS299,[]
PHYS299Q,[]
PHYS299W,[]
PHYS313,"['MATH241', 'PHYS273', 'PHYS274', 'MATH240', 'MATH243', 'MATH246']"
PHYS332,"['PHYS331', 'PHYS131']"
PHYS371,"['PHYS273', 'PHYS274', 'MATH243', 'MATH246']"
PHYS375,"['PHYS276', 'PHYS273']"
PHYS386,[]
PHYS389,[]
PHYS398,[]
PHYS399,[]
PHYS400,"['PHYS272', 'PHYS273', 'MATH241', 'MATH243', 'MATH246']"
PHYS401,"['PHYS371', 'PHYS313', 'PHYS373']"
PHYS402,['PHYS401']
PHYS404,"['PHYS371', 'PHYS420']"
PHYS405,['PHYS375']
PHYS406,['PHYS375']
PHYS407,"['PHYS499', 'PHYS375']"
PHYS410,"['PHYS265', 'PHYS273', 'MATH243', 'MATH246']"
PHYS413,"['PHYS313', 'PHYS412']"
PHYS420,"['MATH246', 'PHYS271', 'PHYS270', 'PHYS273']"
PHYS431,"['PHYS271', 'PHYS270', 'MATH241']"
PHYS441,"['PHYS401', 'PHYS402']"
PHYS456,['PHYS276']
PHYS457,"['MATH240', 'PHYS274', 'CMSC351', 'PHYS373']"
PHYS474,"['PHYS373', 'PHYS165', 'CMSC106', 'CMSC131']"
PHYS487,['PHYS276']
PHYS499A,[]
PHYS499B,[]
PHYS499V,[]
PHYS611,['PHYS610']
PHYS613,['PHYS612']
PHYS687,[]
PHYS703,"['PHYS603', 'CHEM687']"
PHYS709,[]
PHYS721,['PHYS623']
PHYS728J,[]
PHYS738,[]
PHYS739,[]
PHYS748,[]
PHYS749,[]
PHYS752,"['PHYS751', 'PHYS624']"
PHYS758E,[]
PHYS759,[]
PHYS769,[]
PHYS778,[]
PHYS798,[]
PHYS798B,[]
PHYS798E,[]
PHYS798J,[]
PHYS798L,[]
PHYS798Q,[]
PHYS799,[]
PHYS830,[]
PHYS838C,[]
PHYS839A,[]
PHYS898,[]
PHYS899,[]
PLSC110,[]
PLSC111,[]
PLSC254,"['PLSC110', 'PLSC111', 'PLSC253']"
PLSC271,"['PLSC110', 'PLSC111', 'BSCI170', 'BSCI171']"
PLSC303,"['BSCI170', 'BSCI171']"
PLSC388,[]
PLSC399,[]
PLSC400,"['BSCI170', 'BSCI171', 'PLSC201', 'CHEM231', 'CHEM232', 'CHEM237']"
PLSC411,"['BSCI170', 'BSCI171']"
PLSC434,[]
PLSC452,"['PLSC110', 'PLSC111', 'PLSC112', 'PLSC113', 'PLSC253', 'PLSC254']"
PLSC460,"['PLSC110', 'PLSC111', 'PLSC112', 'PLSC113', 'PLSC201']"
PLSC608T,[]
PLSC618,[]
PLSC619,[]
PLSC799,[]
PLSC898,[]
PLSC899,[]
STAT100,"['MATH110', 'MATH112', 'MATH113', 'MATH115', 'STAT100']"
STAT110,"['DATA100', 'STAT100', 'MATH135']"
STAT400,"['MATH131', 'MATH141']"
STAT401,"['STAT400', 'STAT410']"
STAT410,"['MATH240', 'MATH461', 'MATH341', 'MATH340', 'MATH241']"
STAT420,"['SURV410', 'STAT410']"
STAT426,"['MATH241', 'MATH340', 'MATH240', 'MATH461', 'MATH341', 'STAT400', 'STAT410', 'STAT400']"
STAT430,"['STAT400', 'STAT410', 'STAT401', 'STAT420', 'STAT401', 'STAT420']"
STAT440,"['STAT401', 'STAT420']"
STAT464,[]
STAT470,"['MATH240', 'MATH461', 'MATH341', 'MATH340', 'MATH241']"
STAT498A,[]
STAT601,['STAT600']
STAT650,['STAT410']
STAT689,[]
STAT701,['STAT700']
STAT741,['STAT740']
STAT799,[]
STAT808A,[]
STAT818A,[]
STAT818B,[]
STAT898,[]
STAT899,[]
INST104,[]
INST123,[]
INST126,['STAT100']
INST152,[]
INST154,[]
INST155,[]
INST156,[]
INST201,[]
INST204,[]
INST210,[]
INST227,[]
INST228,[]
INST309,[]
INST311,"['PSYC100', 'SOCY105']"
INST314,"['INST126', 'GEOG276', 'STAT100', 'MATH115']"
INST320,[]
INST326,"['INST126', 'GEOG276']"
INST327,"['INST126', 'GEOG276']"
INST335,"['INST201', 'INST301', 'PSYC100']"
INST341,['INST311']
INST346,"['INST201', 'INST301', 'INST326', 'INST327']"
INST347,['INST346']
INST352,"['INST201', 'INST301', 'INST311']"
INST354,"['INST201', 'INST301', 'INST314', 'PSYC100']"
INST362,"['INST201', 'INST301', 'PSYC100', 'SOCY105', 'INST326', 'STAT100']"
INST364,"['INST201', 'INST301', 'INST327', 'STAT100', 'MATH115', 'PSYC100']"
INST366,"['INST126', 'GEOG276', 'STAT100', 'AASP101', 'ANTH210', 'ANTH260', 'ECON200', 'ECON201', 'GEOG202', 'GVPT170', 'PSYC100', 'SOCY100', 'SOCY105']"
INST367,['INST380']
INST371,"['INST201', 'PSYC100', 'SOCY105']"
INST377,"['INST201', 'INST301', 'BSOS233', 'INST327', 'STAT100', 'MATH115']"
INST380,"['INST201', 'INST126', 'STAT100', 'PSYC100', 'SOCY105']"
INST381,"['PSYC100', 'SOCY105', 'INST126', 'INST201', 'STAT100', 'MATH115']"
INST388F,[]
INST388G,[]
INST388I,[]
INST388K,[]
INST388L,[]
INST388M,[]
INST388N,[]
INST388O,[]
INST388P,[]
INST398D,[]
INST398E,[]
INST406,['INST380']
INST408I,[]
INST408Z,[]
INST410,"['INST126', 'STAT100', 'PSYC100', 'SOCY105', 'INST201', 'INST301', 'MATH115']"
INST414,"['MATH115', 'STAT100', 'INST126', 'GEOG276', 'INST201', 'INST301', 'BSOS233', 'AASP101', 'ANTH210', 'ANTH260', 'ECON200', 'ECON201', 'GEOG202', 'GVPT170', 'PSYC100', 'SOCY100', 'BSOS233', 'INST314']"
INST443,"['INST341', 'INST380']"
INST447,"['STAT100', 'INST327', 'INST201', 'INST301', 'BSOS233', 'AASP101', 'ANTH210', 'ANTH260', 'ECON200', 'ECON201', 'GEOG202', 'GVPT170', 'PSYC100', 'SOCY100', 'BSOS233', 'INST314', 'BSOS331', 'GEOG273', 'INST326']"
INST450,['INST327']
INST452,"['INST126', 'GEOG276', 'PSYC100', 'BSOS233', 'STAT100', 'MATH115']"
INST454,"['INST104', 'INST126', 'INST204', 'INST380', 'INST367']"
INST456,[]
INST462,"['STAT100', 'INST201', 'INST301', 'BSOS233', 'INST126', 'GEOG276', 'AASP101', 'ANTH210', 'ANTH260', 'ECON200', 'ECON201', 'GEOG202', 'GVPT170', 'PSYC100', 'SOCY100', 'SOCY105', 'BSOS233', 'INST314']"
INST463,[]
INST464,"['INST201', 'INST126', 'MATH115', 'PSYC100', 'INST364']"
INST466,"['INST201', 'INST301', 'PSYC100', 'SOCY105']"
INST467,['INST364']
INST470,[]
INST490,"['INST311', 'INST314', 'INST326', 'INST327', 'INST335', 'INST346', 'INST352', 'INST362']"
INST600,[]
INST604,[]
INST608B,[]
INST608S,[]
INST612,[]
INST614,[]
INST616,[]
INST622,[]
INST630,[]
INST639G,[]
INST639L,[]
INST641,"['INST604', 'INST640']"
INST646,[]
INST652,[]
INST653,[]
INST682,[]
INST702,"['INFM605', 'INST631']"
INST703,[]
INST709,[]
INST710,[]
INST711,[]
INST725,['INST615']
INST726,[]
INST728L,[]
INST728M,[]
INST728N,[]
INST728R,[]
INST728X,[]
INST730,[]
INST733,"['LBSC690', 'LBSC671', 'INFM603']"
INST737,"['INST627', 'LBSC690', 'LBSC671', 'INFM603', 'JOUR652']"
INST742,['INST604']
INST750,"['INFM603', 'INST737']"
INST762,"['INFM603', 'INST630', 'JOUR652']"
INST767,['INST737']
INST771,[]
INST776,['INST775']
INST779,[]
INST785,['INST604']
INST786,"['AMST655', 'ANTH655', 'HIST610']"
INST787,"['AMST856', 'ANTH856', 'HIST810']"
INST788C,[]
INST798,[]
INST799,[]
INST802,[]
INST808,[]
INST809,[]
INST818,[]
INST828,[]
INST878F,[]
INST878K,[]
INST878T,[]
INST878U,[]
INST898,[]
INST899,[]
DATA100,"['MATH110', 'MATH112', 'MATH113', 'MATH115', 'STAT100']"
DATA110,"['DATA100', 'STAT100', 'MATH135']"
DATA120,"['STAT100', 'MATH135']"
DATA200,"['STAT100', 'MATH135']"
DATA250,"['DATA110', 'DATA120', 'MATH141']"
DATA320,"['DATA110', 'DATA120', 'DATA200', 'DATA250']"
DATA350,"['DATA100', 'STAT100', 'MATH135', 'DATA110', 'DATA120']"
DATA400,"['MATH131', 'MATH141']"
DATA602,[]
DATA603,[]
DATA604,"['DATA601', 'MSML601']"
DATA605,['DATA602']
DATA606,['DATA602']
DATA641,"['DATA603', 'MSML603']"
